query,product,title,source,url,published_at,snippet,market,source_type,event,data_mode
BMW iX3,BMW iX3,BMW iX3 begins a new electric chapter with confident range,Demo Auto UK,https://example.com/demo/ix3-uk-01,2026-07-03,The preview highlights efficient range and fast 800V charging,United Kingdom,Independent media,Global reveal,synthetic_demo
BMW iX3,BMW iX3,Panoramic iDrive gives the iX3 cabin a distinctive digital focus,Demo Tech Drive,https://example.com/demo/ix3-uk-02,2026-07-08,The display and interface feel innovative although the new layout needs explanation,United Kingdom,Independent media,Global reveal,synthetic_demo
BMW iX3,BMW iX3,New iX3 design wins praise for its restrained exterior,Demo Design Motor,https://example.com/demo/ix3-de-01,2026-07-10,The refined design language and lighting create a modern cabin, Germany,Independent media,Design briefing,synthetic_demo
BMW iX3,BMW iX3,Heart of Joy puts driving dynamics at the centre of the iX3 story,Demo Fahrer Journal,https://example.com/demo/ix3-de-02,2026-07-14,Early coverage describes agile handling and confident steering,Germany,Independent media,Media preview,synthetic_demo
BMW iX3,BMW iX3,iX3 charging promise stands out in premium electric SUV field,Demo EV Current,https://example.com/demo/ix3-us-01,2026-07-17,Fast charging and strong battery range lead the comparison,United States,Independent media,Technology briefing,synthetic_demo
BMW iX3,BMW iX3,Neue Klasse software architecture moves into the spotlight,Demo Connected Car,https://example.com/demo/ix3-us-02,2026-07-22,The connected software platform and OTA update roadmap are the main themes,United States,Independent media,Technology briefing,synthetic_demo
BMW iX3,BMW iX3,BMW outlines iX3 circular materials and lower carbon production,BMW Demo Newsroom,https://example.com/demo/ix3-official-01,2026-07-24,Official synthetic copy focuses on recycled materials and sustainable production,Germany,Official newsroom,Sustainability briefing,synthetic_demo
BMW iX3,BMW iX3,Is the new iX3 interface intuitive enough for daily driving,Demo Road Test UK,https://example.com/demo/ix3-uk-03,2026-07-29,The panoramic display impresses but some interface choices appear complex,United Kingdom,Independent media,First drive,synthetic_demo
BMW iX3,BMW iX3,iX3 road test pairs refined ride with powerful acceleration,Demo Autobahn Review,https://example.com/demo/ix3-de-03,2026-08-02,The review praises ride comfort and powerful performance,Germany,Independent media,First drive,synthetic_demo
BMW iX3,BMW iX3,Premium price could challenge the iX3 value story,Demo Market Wheels,https://example.com/demo/ix3-us-03,2026-08-06,The analysis calls the expected price expensive beside lower-cost alternatives,United States,Independent media,Pricing analysis,synthetic_demo
BMW iX3,BMW iX3,Family test finds useful space and a comfortable iX3 cabin,Demo Family Electric,https://example.com/demo/ix3-uk-04,2026-08-11,Practical storage and comfortable seats support everyday use,United Kingdom,Independent media,Practicality review,synthetic_demo
BMW iX3,BMW iX3,iX3 assistance systems take a measured approach to automation,Demo Safety Lab,https://example.com/demo/ix3-de-04,2026-08-16,The ADAS package combines automated assistance with clear safety prompts,Germany,Independent media,Safety review,synthetic_demo
BMW iX3,BMW iX3,BMW publishes a closer look at iX3 digital experience,BMW Demo Newsroom,https://example.com/demo/ix3-official-02,2026-08-21,Official synthetic copy explains Panoramic iDrive and connected voice controls,United Kingdom,Official newsroom,Digital briefing,synthetic_demo
BMW iX3,BMW iX3,Real-world charging test strengthens the iX3 long-distance case,Demo Charge Report,https://example.com/demo/ix3-uk-05,2026-08-27,Fast charging and efficient range make the journey easier,United Kingdom,Independent media,Charging test,synthetic_demo
BMW iX3,BMW iX3,Debate grows around the iX3 front-end design,Demo Style Monitor,https://example.com/demo/ix3-us-04,2026-09-02,The new exterior styling is distinctive but remains controversial,United States,Independent media,Design analysis,synthetic_demo
BMW iX3,BMW iX3,iX3 sustainability message reaches beyond battery efficiency,Demo Green Mobility,https://example.com/demo/ix3-de-05,2026-09-08,Recycled cabin materials and lower carbon production receive positive attention,Germany,Independent media,Sustainability review,synthetic_demo
BMW iX3,BMW iX3,Software update simplifies key iX3 cockpit and charging controls,Demo Digital Road,https://example.com/demo/ix3-us-05,2026-09-15,An OTA update improves the interface and connected charging app experience,United States,Independent media,Software update,synthetic_demo
BMW iX3,BMW iX3,iX3 closes the quarter with strong technology coverage,Demo EV Business,https://example.com/demo/ix3-uk-06,2026-09-22,Media attention centres on charging digital experience and driving dynamics,United Kingdom,Independent media,Quarter review,synthetic_demo
Audi Q6 e-tron,Audi Q6 e-tron,Q6 e-tron review highlights a polished digital cockpit,Demo Auto UK,https://example.com/demo/q6-uk-01,2026-07-05,The display system and connected interface receive strong marks,United Kingdom,Independent media,Model review,synthetic_demo
Audi Q6 e-tron,Audi Q6 e-tron,Audi charging performance leads Q6 e-tron comparison,Demo EV Current,https://example.com/demo/q6-de-01,2026-07-13,Fast charging and battery efficiency dominate the assessment,Germany,Independent media,Charging test,synthetic_demo
Audi Q6 e-tron,Audi Q6 e-tron,Q6 e-tron price places pressure on the options list,Demo Market Wheels,https://example.com/demo/q6-us-01,2026-07-21,The expensive configuration weakens the value argument,United States,Independent media,Pricing analysis,synthetic_demo
Audi Q6 e-tron,Audi Q6 e-tron,Audi details Q6 e-tron safety and assistance package,Audi Demo Newsroom,https://example.com/demo/q6-official-01,2026-07-28,Official synthetic copy focuses on ADAS sensors and automated assistance,Germany,Official newsroom,Safety briefing,synthetic_demo
Audi Q6 e-tron,Audi Q6 e-tron,Q6 e-tron cabin balances comfort with screen complexity,Demo Road Test UK,https://example.com/demo/q6-uk-02,2026-08-04,Comfortable seats impress while the interface can feel complex,United Kingdom,Independent media,First drive,synthetic_demo
Audi Q6 e-tron,Audi Q6 e-tron,Q6 e-tron proves stable and refined on a long drive,Demo Autobahn Review,https://example.com/demo/q6-de-02,2026-08-14,The ride and handling are reliable rather than dramatic,Germany,Independent media,Long-distance test,synthetic_demo
Audi Q6 e-tron,Audi Q6 e-tron,Connected app update improves Q6 e-tron charging plan,Demo Connected Car,https://example.com/demo/q6-us-02,2026-08-25,The software update makes route charging easier,United States,Independent media,Software update,synthetic_demo
Audi Q6 e-tron,Audi Q6 e-tron,Family buyers find generous Q6 e-tron storage,Demo Family Electric,https://example.com/demo/q6-uk-03,2026-09-03,Practical boot space and comfort lead the review,United Kingdom,Independent media,Practicality review,synthetic_demo
Audi Q6 e-tron,Audi Q6 e-tron,Q6 e-tron design keeps a familiar premium identity,Demo Design Motor,https://example.com/demo/q6-de-03,2026-09-12,Exterior design and cabin lighting feel refined,Germany,Independent media,Design analysis,synthetic_demo
Audi Q6 e-tron,Audi Q6 e-tron,Q6 e-tron quarter ends with mixed value coverage,Demo EV Business,https://example.com/demo/q6-us-03,2026-09-23,Strong charging is offset by concern about price and cost,United States,Independent media,Quarter review,synthetic_demo
Mercedes-Benz GLC Electric,Mercedes-Benz GLC Electric,Electric GLC makes comfort its opening statement,Demo Auto UK,https://example.com/demo/glc-uk-01,2026-07-06,The refined ride and comfortable cabin stand out,United Kingdom,Independent media,Model preview,synthetic_demo
Mercedes-Benz GLC Electric,Mercedes-Benz GLC Electric,Electric GLC range puts long-distance travel in focus,Demo EV Current,https://example.com/demo/glc-de-01,2026-07-15,Efficient battery range and fast charging shape the story,Germany,Independent media,Technology briefing,synthetic_demo
Mercedes-Benz GLC Electric,Mercedes-Benz GLC Electric,Large display defines the electric GLC interior,Demo Tech Drive,https://example.com/demo/glc-us-01,2026-07-23,The digital cockpit looks impressive but the interface may feel complex,United States,Independent media,Interior review,synthetic_demo
Mercedes-Benz GLC Electric,Mercedes-Benz GLC Electric,Mercedes outlines automated assistance for electric GLC,Mercedes Demo Newsroom,https://example.com/demo/glc-official-01,2026-07-30,Official synthetic copy describes ADAS sensors and safety assistance,Germany,Official newsroom,Safety briefing,synthetic_demo
Mercedes-Benz GLC Electric,Mercedes-Benz GLC Electric,Electric GLC price reinforces its luxury positioning,Demo Market Wheels,https://example.com/demo/glc-uk-02,2026-08-05,The expensive entry point raises a value concern,United Kingdom,Independent media,Pricing analysis,synthetic_demo
Mercedes-Benz GLC Electric,Mercedes-Benz GLC Electric,GLC road test favours comfort over sharp handling,Demo Autobahn Review,https://example.com/demo/glc-de-02,2026-08-15,The ride is refined while steering feels less agile,Germany,Independent media,First drive,synthetic_demo
Mercedes-Benz GLC Electric,Mercedes-Benz GLC Electric,Electric GLC connected services add an easier charging workflow,Demo Connected Car,https://example.com/demo/glc-us-02,2026-08-26,The app and software update simplify charging plans,United States,Independent media,Software update,synthetic_demo
Mercedes-Benz GLC Electric,Mercedes-Benz GLC Electric,Family review praises electric GLC space and storage,Demo Family Electric,https://example.com/demo/glc-uk-03,2026-09-04,Practical boot space and comfortable seats lead the assessment,United Kingdom,Independent media,Practicality review,synthetic_demo
Mercedes-Benz GLC Electric,Mercedes-Benz GLC Electric,Electric GLC design brings a familiar luxury look,Demo Design Motor,https://example.com/demo/glc-de-03,2026-09-13,Lighting and interior design carry a strong premium identity,Germany,Independent media,Design analysis,synthetic_demo
Mercedes-Benz GLC Electric,Mercedes-Benz GLC Electric,Charging strength offsets electric GLC price concern,Demo EV Business,https://example.com/demo/glc-us-03,2026-09-24,Fast charging is positive but cost remains a risk,United States,Independent media,Quarter review,synthetic_demo
Porsche Macan Electric,Porsche Macan Electric,Macan Electric keeps performance at the heart of its story,Demo Auto UK,https://example.com/demo/macan-uk-01,2026-07-07,Powerful acceleration and agile handling lead the review,United Kingdom,Independent media,Model review,synthetic_demo
Porsche Macan Electric,Porsche Macan Electric,Macan Electric charging supports a confident touring range,Demo EV Current,https://example.com/demo/macan-de-01,2026-07-16,Fast charging and efficient range perform strongly,Germany,Independent media,Charging test,synthetic_demo
Porsche Macan Electric,Porsche Macan Electric,Macan Electric options create an expensive value equation,Demo Market Wheels,https://example.com/demo/macan-us-01,2026-07-25,The price rises quickly and creates a cost concern,United States,Independent media,Pricing analysis,synthetic_demo
Porsche Macan Electric,Porsche Macan Electric,Porsche explains connected cockpit updates for Macan Electric,Porsche Demo Newsroom,https://example.com/demo/macan-official-01,2026-08-01,Official synthetic copy highlights software connectivity and the digital display,Germany,Official newsroom,Software briefing,synthetic_demo
Porsche Macan Electric,Porsche Macan Electric,Macan Electric balances a sporting ride with daily comfort,Demo Road Test UK,https://example.com/demo/macan-uk-02,2026-08-07,Strong handling remains usable for family journeys,United Kingdom,Independent media,First drive,synthetic_demo
Porsche Macan Electric,Porsche Macan Electric,Macan Electric cabin interface rewards familiarity,Demo Tech Drive,https://example.com/demo/macan-de-02,2026-08-17,The cockpit is refined though some controls appear difficult at first,Germany,Independent media,Interior review,synthetic_demo
Porsche Macan Electric,Porsche Macan Electric,Driver assistance update adds confidence to Macan Electric,Demo Safety Lab,https://example.com/demo/macan-us-02,2026-08-28,Updated ADAS sensors provide reliable safety assistance,United States,Independent media,Safety review,synthetic_demo
Porsche Macan Electric,Porsche Macan Electric,Macan Electric boot passes a practical family test,Demo Family Electric,https://example.com/demo/macan-uk-03,2026-09-05,Storage and seat comfort are better than expected,United Kingdom,Independent media,Practicality review,synthetic_demo
Porsche Macan Electric,Porsche Macan Electric,Macan Electric styling remains distinctively sporting,Demo Design Motor,https://example.com/demo/macan-de-03,2026-09-14,Exterior design and cabin details receive positive attention,Germany,Independent media,Design analysis,synthetic_demo
Porsche Macan Electric,Porsche Macan Electric,Performance leadership holds despite Macan Electric price risk,Demo EV Business,https://example.com/demo/macan-us-03,2026-09-25,Power and handling stay strong while the expensive price limits value,United States,Independent media,Quarter review,synthetic_demo
